{"Project":{"project_Id":"PROGECT_ID_TEACH_SCAN","project_cmdlist":{"line0":"MOV: MOVJ[-113.938,-628.091,379.663,-168.9936,-38.9910,88.6200,0,0,0] SPEED[30.000] TCP[4]","line1":"MOV: MOVJ[193.354,-593.832,365.304,-143.4858,-67.2945,-5.1941,0,0,0] SPEED[30.000] TCP[4]","line10":"MOV: MOVJ[-150.275,-562.150,164.338,-89.5283,-72.7258,39.9440,0,0,0] SPEED[30.000] TCP[4]","line11":"CAM: TASK[105] WORK[1]","line12":"DELAY: TIME[500]","line13":"SCAN: MOVJ[-150.275,-562.149,403.965,-89.5282,-72.7258,39.9439,0,0,0] SPEED[5.000] TCP[4] NAME[扫描后右竖缝]","line14":"CAM: WORK[0]","line15":"MOV: MOVJ[-118.943,-687.507,338.405,-172.8807,-36.4799,0.6241,0,0,0] SPEED[30.000] TCP[4]","line16":"MOV: MOVJ[-118.817,-708.250,306.909,-162.0250,-42.4898,-56.7308,0,0,0] SPEED[30.000] TCP[4]","line17":"MOV: MOVJ[230.167,-836.368,384.357,-149.4467,-83.0808,-84.0880,0,0,0] SPEED[30.000] TCP[4]","line18":"MOV: MOVJ[230.167,-836.369,157.384,-149.4467,-83.0808,-84.0879,0,0,0] SPEED[30.000] TCP[4]","line19":"CAM: TASK[105] WORK[1]","line2":"MOV: MOVJ[217.684,-539.403,395.862,-89.5760,-65.4999,-50.4713,0,0,0] SPEED[30.000] TCP[4]","line20":"DELAY: TIME[500]","line21":"SCAN: MOVJ[230.167,-836.368,390.317,-149.4467,-83.0808,-84.0880,0,0,0] SPEED[5.000] TCP[4] NAME[扫描前左竖缝]","line22":"CAM: WORK[0]","line23":"MOV: MOVJ[230.167,-608.368,367.061,162.8077,-55.5924,80.5415,0,0,0] SPEED[30.000] TCP[4]","line24":"MOV: MOVJ[4.205,-766.813,347.725,-128.9599,-53.2774,122.1298,0,0,0] SPEED[30.000] TCP[4]","line25":"MOV: MOVJ[4.205,-766.813,347.725,-128.9598,-53.2774,172.3081,0,0,0] SPEED[30.000] TCP[4]","line26":"MOV: MOVJ[-130.429,-851.287,335.526,-66.3801,-82.1059,105.7495,0,0,0] SPEED[30.000] TCP[4]","line27":"MOV: MOVJ[-130.457,-841.713,135.076,-67.2037,-82.4870,106.5650,0,0,0] SPEED[30.000] TCP[4]","line28":"CAM: TASK[105] WORK[1]","line29":"DELAY: TIME[500]","line3":"MOV: MOVJ[217.684,-539.403,154.334,-89.5760,-65.4999,-50.4712,0,0,0] SPEED[30.000] TCP[4]","line30":"SCAN: MOVJ[-130.525,-845.681,385.485,-67.2071,-82.4868,106.5685,0,0,0] SPEED[5.000] TCP[4] NAME[扫描后左竖缝]","line31":"CAM: WORK[0]","line32":"MOV: MOVJ[-113.938,-628.091,379.663,-168.9936,-38.9910,88.6200,0,0,0] SPEED[30.000] TCP[4]","line33":"CREAT: MODE[0] SCAN[扫描前右竖缝] NAME[轨迹前右竖缝]","line34":"CREAT: MODE[0] SCAN[扫描后右竖缝] NAME[轨迹后右竖缝]","line35":"CREAT: MODE[0] SCAN[扫描前左竖缝] NAME[轨迹前左竖缝]","line36":"CREAT: MODE[0] SCAN[扫描后左竖缝] NAME[轨迹后左竖缝]","line37":"FILTER: CREAT[轨迹前右竖缝] MODE[0] FILTERS[1,5,2.000] NAME[滤波前右竖缝]","line38":"FILTER: CREAT[轨迹后右竖缝] MODE[0] FILTERS[1,5,2.000] NAME[滤波后右竖缝]","line39":"FILTER: CREAT[轨迹前左竖缝] MODE[0] FILTERS[1,5,2.000] NAME[滤波前左竖缝]","line4":"CAM: TASK[105] WORK[1]","line40":"FILTER: CREAT[轨迹后左竖缝] MODE[0] FILTERS[1,5,2.000] NAME[滤波后左竖缝]","line41":"FILTER: CREAT[滤波前右竖缝] MODE[1] FILTERS[5.000,0.500] NAME[滤波2前右竖缝]","line42":"FILTER: CREAT[滤波后右竖缝] MODE[1] FILTERS[5.000,0.500] NAME[滤波2后右竖缝]","line43":"FILTER: CREAT[滤波前左竖缝] MODE[1] FILTERS[5.000,0.500] NAME[滤波2前左竖缝]","line44":"FILTER: CREAT[滤波后左竖缝] MODE[1] FILTERS[5.000,0.500] NAME[滤波2后左竖缝]","line45":"SAMPLE: CREAT[滤波2前右竖缝] SPEED[5.000] TIME[64] NAME[采样前右竖缝]","line46":"SAMPLE: CREAT[滤波2后右竖缝] SPEED[5.000] TIME[64] NAME[采样后右竖缝]","line47":"SAMPLE: CREAT[滤波2前左竖缝] SPEED[5.000] TIME[64] NAME[采样前左竖缝]","line48":"SAMPLE: CREAT[滤波2后左竖缝] SPEED[5.000] TIME[64] NAME[采样后左竖缝]","line49":"TRACE: CREAT[采样前右竖缝] SPEED[2.000] CRAFT[/home/qubo/build-qtwelding-Replacement_for_Desktop_Qt_5_12_12_GCC_64bit-Debug/CRAFT/前右竖缝工艺.craft] NAME[工艺前右竖缝]","line5":"DELAY: TIME[500]","line50":"TRACE: CREAT[采样前左竖缝] SPEED[2.000] CRAFT[/home/qubo/build-qtwelding-Replacement_for_Desktop_Qt_5_12_12_GCC_64bit-Debug/CRAFT/前左竖缝工艺.craft] NAME[工艺前左竖缝]","line51":"TRACE: CREAT[采样后右竖缝] SPEED[2.000] CRAFT[/home/qubo/build-qtwelding-Replacement_for_Desktop_Qt_5_12_12_GCC_64bit-Debug/CRAFT/后右竖缝工艺.craft] NAME[工艺后右竖缝]","line52":"TRACE: CREAT[采样后左竖缝] SPEED[2.000] CRAFT[/home/qubo/build-qtwelding-Replacement_for_Desktop_Qt_5_12_12_GCC_64bit-Debug/CRAFT/后左竖缝工艺.craft] NAME[工艺后左竖缝]","line53":"WAVE: TRACE[工艺前右竖缝] WAVE[4.000,5.000,5.000,5.000,5.000,0.200,0.200,0.0000,-45.0000,0,0,0,64,2,0.0000,0.0000,-4.0000,0.0000,0.0000,4.0000] NAME[摆焊前右竖缝]","line54":"WAVE: TRACE[工艺前左竖缝] WAVE[4.000,5.000,5.000,-5.000,-5.000,0.200,0.200,0.0000,45.0000,0,0,0,64,2,0.0000,0.0000,-4.0000,0.0000,0.0000,4.0000] NAME[摆焊前左竖缝]","line55":"WAVE: TRACE[工艺后右竖缝] WAVE[4.000,5.000,5.000,5.000,5.000,0.200,0.200,0.0000,45.0000,0,0,0,64,2,0.0000,0.0000,-4.0000,0.0000,0.0000,4.0000] NAME[摆焊后右竖缝]","line56":"WAVE: TRACE[工艺后左竖缝] WAVE[4.000,5.000,5.000,-5.000,-5.000,0.200,0.200,0.0000,-45.0000,0,0,0,64,2,0.0000,0.0000,-4.0000,0.0000,0.0000,4.0000] NAME[摆焊后左竖缝]","line57":"MOV: MOVJ[211.454,-564.785,323.265,-161.7225,-56.6396,36.9599,0,0,0] SPEED[30.000] TCP[4]","line58":"MOV: MOVJ[211.454,-564.785,150.556,-161.7226,-56.6396,36.9599,0,0,0] SPEED[30.000] TCP[4]","line59":"MOV: MOVJ[211.454,-521.579,-62.098,-161.7226,-56.6396,36.9599,0,0,0] SPEED[30.000] TCP[4]","line6":"SCAN: MOVJ[217.684,-539.402,372.598,-89.5767,-65.5002,-50.4706,0,0,0] SPEED[5.000] TCP[4] NAME[扫描前右竖缝]","line60":"GOWELD: TCP[4] SPEED[5.000] NAME[摆焊前右竖缝]","line61":"TRACING: NAME[摆焊前右竖缝] TCP[4] TIME[30]","line62":"MOV: MOVJ[188.537,-543.241,138.031,-137.4477,-81.9453,18.6785,0,0,0] SPEED[30.000] TCP[4]","line63":"MOV: MOVJ[188.005,-545.388,350.609,-137.4473,-81.9454,18.6778,0,0,0] SPEED[30.000] TCP[4]","line64":"MOV: MOVJ[-130.798,-596.123,353.229,-163.8747,-54.7139,117.6831,0,0,0] SPEED[30.000] TCP[4]","line65":"MOV: MOVJ[-131.554,-597.581,175.340,-163.8750,-54.7138,117.6833,0,0,0] SPEED[30.000] TCP[4]","line66":"MOV: MOVJ[-185.420,-524.138,-54.567,-163.8885,-54.6951,117.6891,0,0,0] SPEED[30.000] TCP[4]","line67":"GOWELD: TCP[4] SPEED[5.000] NAME[摆焊后右竖缝]","line68":"TRACING: NAME[摆焊后右竖缝] TCP[4] TIME[30]","line69":"MOV: MOVJ[-130.260,-590.129,165.765,-151.2738,-76.8255,103.8464,0,0,0] SPEED[30.000] TCP[4]","line7":"CAM: WORK[0]","line70":"MOV: MOVJ[-132.045,-597.876,360.237,-151.2756,-76.8252,103.8474,0,0,0] SPEED[30.000] TCP[4]","line71":"MOV: MOVJ[-130.634,-584.993,355.421,-148.2035,-52.1196,12.4783,0,0,0] SPEED[30.000] TCP[4]","line72":"MOV: MOVJ[170.370,-800.957,285.030,-164.8763,-54.2835,-49.3365,0,0,0] SPEED[30.000] TCP[4]","line73":"MOV: MOVJ[170.271,-802.695,108.534,-164.8759,-54.2836,-49.3369,0,0,0] SPEED[30.000] TCP[4]","line74":"MOV: MOVJ[257.142,-867.163,-65.593,-164.8757,-54.2802,-49.3391,0,0,0] SPEED[30.000] TCP[4]","line75":"GOWELD: TCP[4] SPEED[5.000] NAME[摆焊前左竖缝]","line76":"TRACING: NAME[摆焊前左竖缝] TCP[4] TIME[30]","line77":"MOV: MOVJ[209.158,-837.308,122.690,-124.2439,-77.5023,-86.5411,0,0,0] SPEED[30.000] TCP[4]","line78":"MOV: MOVJ[205.825,-799.305,364.533,-124.3015,-77.4926,-86.4865,0,0,0] SPEED[30.000] TCP[4]","line79":"MOV: MOVJ[205.825,-799.305,364.534,-162.8418,-50.7348,-151.2466,0,0,0] SPEED[30.000] TCP[4]","line8":"MOV: MOVJ[218.471,-539.013,362.700,160.7761,-63.7416,53.8846,0,0,0] SPEED[30.000] TCP[4]","line80":"MOV: MOVJ[-94.360,-799.317,364.534,-162.8420,-50.7348,-151.2465,0,0,0] SPEED[30.000] TCP[4]","line81":"MOV: MOVJ[-95.179,-801.336,99.975,-162.8416,-50.7347,-151.2468,0,0,0] SPEED[30.000] TCP[4]","line82":"MOV: MOVJ[-151.732,-872.493,-79.965,-162.8487,-50.7364,-151.2429,0,0,0] SPEED[30.000] TCP[4]","line83":"GOWELD: TCP[4] SPEED[5.000] NAME[摆焊后左竖缝]","line84":"TRACING: NAME[摆焊后左竖缝] TCP[4] TIME[30]","line85":"MOV: MOVJ[-104.564,-836.763,141.827,-128.5990,-69.1666,-179.0577,0,0,0] SPEED[30.000] TCP[4]","line86":"MOV: MOVJ[-105.226,-838.739,373.183,-128.5988,-69.1664,-179.0580,0,0,0] SPEED[30.000] TCP[4]","line87":"MOV: MOVJ[147.332,-840.485,372.871,-128.9621,-69.1067,-113.9677,0,0,0] SPEED[30.000] TCP[4]","line88":"MOV: MOVJ[207.006,-698.446,363.987,-128.9806,-67.9142,-68.9722,0,0,0] SPEED[30.000] TCP[4]","line89":"MOV: MOVJ[206.939,-698.770,364.352,-129.0117,-67.9082,-21.0751,0,0,0] SPEED[30.000] TCP[4]","line9":"MOV: MOVJ[-150.275,-562.149,412.744,-89.5282,-72.7258,39.9440,0,0,0] SPEED[30.000] TCP[4]","line90":"MOV: MOVJ[-113.938,-628.091,379.663,-168.9936,-38.9910,88.6200,0,0,0] SPEED[30.000] TCP[4]"},"project_name":"名濠宇上光隧道"}}