{"Project":{"project_Id":"PROGECT_ID_TEACH_SCAN","project_cmdlist":{"line0":"MOV: MOVJ[1209.577,314.745,772.962,146.3500,13.7081,67.6096,0,0,0] SPEED[5.000] TCP[0]","line1":"CAM: TASK[100] WORK[1]","line10":"SCAN: MOVL[1223.535,-294.979,767.582,146.4270,13.7548,67.6124,0,0,0] SPEED[2.000] TCP[0] NAME[扫描8]","line11":"SCAN: MOVL[1223.748,-412.630,767.524,146.4325,13.7453,67.5992,0,0,0] SPEED[2.000] TCP[0] NAME[扫描9]","line12":"CAM: WORK[0]","line13":"MOV: MOVJ[1176.057,-412.608,767.465,146.4374,13.7450,67.5999,0,0,0] SPEED[5.000] TCP[0]","line14":"MOV: MOVJ[1176.034,-95.485,767.370,146.4459,13.7384,67.5998,0,0,0] SPEED[5.000] TCP[0]","line15":"MOV: MOVJ[1172.686,62.607,779.036,145.8351,13.4615,67.4567,0,0,0] SPEED[5.000] TCP[0]","line16":"GETTCPPOS2: POS[1172.686,62.607,779.036,145.8351,13.4615,67.4567,0,0,0] NAME[点1]","line17":"GETTCPPOS2: POS[1176.057,-412.608,779.036,146.4374,13.7450,67.5999,0,0,0] NAME[点3]","line18":"GETTCPPOS2: POS[900.057,-442.608,779.036,146.4374,13.7450,67.5999,0,0,0] NAME[点2]","line19":"COORD: POINTX[点2] POINTO[点1] NAME[矩阵1]","line2":"DELAY: TIME[200]","line20":"CREAT: MODE[0] SCAN[扫描1] NAME[轨迹1]","line21":"CREAT: MODE[0] SCAN[扫描2] NAME[轨迹2]","line22":"CREAT: MODE[0] SCAN[扫描3] NAME[轨迹3]","line23":"CREAT: MODE[0] SCAN[扫描4] NAME[轨迹4]","line24":"CREAT: MODE[0] SCAN[扫描5] NAME[轨迹5]","line25":"CREAT: MODE[0] SCAN[扫描6] NAME[轨迹6]","line26":"CREAT: MODE[0] SCAN[扫描7] NAME[轨迹7]","line27":"CREAT: MODE[0] SCAN[扫描8] NAME[轨迹8]","line28":"CREAT: MODE[0] SCAN[扫描9] NAME[轨迹9]","line29":"FILTER: CREAT[轨迹1] MODE[1] FILTERS[5.000,0.500] NAME[MLS-1]","line3":"SCAN: MOVL[1205.940,239.151,768.023,146.3834,13.7354,67.6151,0,0,0] SPEED[2.000] TCP[0] NAME[扫描1]","line30":"FILTER: CREAT[轨迹2] MODE[1] FILTERS[5.000,0.500] NAME[MLS-2]","line31":"FILTER: CREAT[轨迹3] MODE[1] FILTERS[5.000,0.500] NAME[MLS-3]","line32":"FILTER: CREAT[轨迹4] MODE[1] FILTERS[5.000,0.500] NAME[MLS-4]","line33":"FILTER: CREAT[轨迹5] MODE[1] FILTERS[5.000,0.500] NAME[MLS-5]","line34":"SAMPLE: CREAT[MLS-1] SPEED[5.000] TIME[64] NAME[采样轨迹1]","line35":"SAMPLE: CREAT[MLS-2] SPEED[5.000] TIME[64] NAME[采样轨迹2]","line36":"SAMPLE: CREAT[MLS-3] SPEED[5.000] TIME[64] NAME[采样轨迹3]","line37":"SAMPLE: CREAT[MLS-4] SPEED[5.000] TIME[64] NAME[采样轨迹4]","line38":"SAMPLE: CREAT[MLS-5] SPEED[5.000] TIME[64] NAME[采样轨迹5]","line39":"TRACE: CREAT[采样轨迹1] SPEED[5.000] CRAFT[/home/qubo/build-qtwelding-Replacement_for_Desktop_Qt_5_12_12_GCC_64bit-Debug/CRAFT/扫描姿态.craft] NAME[工艺1]","line4":"SCAN: MOVL[1238.569,172.166,767.974,146.3865,13.7382,67.6161,0,0,0] SPEED[2.000] TCP[0] NAME[扫描2]","line40":"TRACE: CREAT[采样轨迹2] SPEED[5.000] CRAFT[/home/qubo/build-qtwelding-Replacement_for_Desktop_Qt_5_12_12_GCC_64bit-Debug/CRAFT/扫描姿态.craft] NAME[工艺2]","line41":"TRACE: CREAT[采样轨迹3] SPEED[5.000] CRAFT[/home/qubo/build-qtwelding-Replacement_for_Desktop_Qt_5_12_12_GCC_64bit-Debug/CRAFT/扫描姿态.craft] NAME[工艺3]","line42":"TRACE: CREAT[采样轨迹4] SPEED[5.000] CRAFT[/home/qubo/build-qtwelding-Replacement_for_Desktop_Qt_5_12_12_GCC_64bit-Debug/CRAFT/扫描姿态.craft] NAME[工艺4]","line43":"TRACE: CREAT[采样轨迹5] SPEED[5.000] CRAFT[/home/qubo/build-qtwelding-Replacement_for_Desktop_Qt_5_12_12_GCC_64bit-Debug/CRAFT/扫描姿态.craft] NAME[工艺5]","line44":"TRACEADD: TRACEADD[工艺1,工艺2] SAMPLESPEED[5.000] SPEED[5.000] TIME[64] NAME[工艺1+2]","line45":"TRACEADD: TRACEADD[工艺1+2,工艺3] SAMPLESPEED[5.000] SPEED[5.000] TIME[64] NAME[工艺1+2+3]","line46":"TRACEADD: TRACEADD[工艺1+2+3,工艺4] SAMPLESPEED[5.000] SPEED[5.000] TIME[64] NAME[工艺1+2+3+4]","line47":"TRACEADD: TRACEADD[工艺1+2+3+4,工艺5] SAMPLESPEED[5.000] SPEED[5.000] TIME[64] NAME[工艺1+2+3+4+5]","line48":"WAVE: TRACE[工艺1+2+3+4+5] WAVE[4.000,4.000,4.000,4.000,4.000,2.000,2.000,0.0000,90.0000,0,0,0,64,1,5.0000,5.0000,0.0000,-5.0000,-5.0000,0.0000] NAME[摆焊]","line5":"SCAN: MOVL[1238.238,99.808,767.904,146.3943,13.7435,67.6132,0,0,0] SPEED[2.000] TCP[0] NAME[扫描3]","line6":"SCAN: MOVL[1210.751,36.123,767.844,146.3989,13.7472,67.6149,0,0,0] SPEED[2.000] TCP[0] NAME[扫描4]","line7":"SCAN: MOVL[1210.749,-101.626,767.796,146.4012,13.7450,67.6097,0,0,0] SPEED[2.000] TCP[0] NAME[扫描5]","line8":"SCAN: MOVL[1253.183,-164.176,767.720,146.4106,13.7499,67.6113,0,0,0] SPEED[2.000] TCP[0] NAME[扫描6]","line9":"SCAN: MOVL[1253.095,-238.141,767.637,146.4220,13.7527,67.6101,0,0,0] SPEED[2.000] TCP[0] NAME[扫描7]"},"project_name":"展厅波纹板"}}